title,url,source,timestamp
,https://news.google.com/read/CBMi0AFBVV95cUxOZmRMemhidEZId3lJa1pvRVlmMDU1WXlKSE9zakwwYzFVeDYySGJudHFKRTFBb29XOG9CODgtcVNVTnVkNF85TFV5VjB6N3pLbXhjcTRKOVR2WEZPazRqNFQyMGpjbXFqR09IbDR6ZWlraGdpeV9PMGEyWTRoV0hYTHF3ZkFoeXotRU9HLTF4ZGRRdEVUUjd5a2Q3azRadEJIbHowRjZGaTFuTkVMTG13c1NRcW5MZEgtSG91YnFUSDhLRFhiaVJnN0Vkd2g2dXAy0gHWAUFVX3lxTE13eEVPV1I1U1JzbGdYaTBxWjNKbncyUGNpSHpGOWw5X3cyUWtmeThqNXZzUE03SU1fRUdtTzB2WWQzci02VFk5bHpxdmVLd0gwejVPWWMtZlotVFJTd1dpYnVzakh0OVl0bnkzQVB0QjFHbjlQRHNDeTFUUXVhYkh2OW96STFXSW9tVUJfNDZVUGg2cjdKeXdBTnZ0QV81T1o5SVlXM05qaDhnUHJrQnozNExKbFNQNVZxS0FqYlhjVFFiNW9KdTRpUTlNcmNQUDlBbnd5bEE?hl=en-IN&gl=IN&ceid=IN%3Aen,Hindustan Times,2025-02-01T23:36:17Z
,https://news.google.com/read/CBMi-wFBVV95cUxOYTk3azd3TmZhYU1wdmg5SnlSbDhhdVFKRVpPdGF4Q3A2UTAwdjd2VktHZ3VmYTBfaktHcWlHcjlXVHVZTjVVMElxejhVNEZ3T2U4T0JJTTFfcUdyMW0xT0Z0SXl3bGhVZFhvaUhQdXFsSG4tYm9VM1V4bGY0R2NPUXNOd1FMU1dGRlFtc2VIbmd6eFJTaXp6TDVUY0pzY1lBMWtSUGRYZUs5QzFhcHZIZl85MVlWRVV4eXBYM3lialQzRWY3cTB6ZVNiZmdLNmhhMERUaXN6V0RtT20xaGdrTllDcmlxZDU3UHpoV1hqLWpuZWJpeW04dDF1VQ?hl=en-IN&gl=IN&ceid=IN%3Aen,Upstox,2025-02-02T05:35:12Z
,https://news.google.com/read/CBMi6AFBVV95cUxQVWh5OElCeExNMGVySjdXdkpCdmIxT181cXI1bTdfZzlRbFJ3bVc3WEdnbmc0WDhRcW5ORndKVHFLM0lqR0hTNUdFZEQ1OXZXazc4U0phUHYwbDBXbmdSbFJWSkpOdXg5Z2RJbFExSXNPNHBzbmdyVmxwSHNvSkxSejZqc2U3WUhwWE92bnBUNXZuaG95M3dEZ1hVaGNiMl8wSXJyMXhqdTI5V0tjRmZRTU8zOFI5cW4weHl6TWpPWVRwSXlOTFRTcWdpM1IzVWI3S0EtT3ZFaUhldFNWcVhsZ1RhbFBZZngx?hl=en-IN&gl=IN&ceid=IN%3Aen,The Times of India,2025-02-02T04:10:00Z
,https://news.google.com/read/CBMivwFBVV95cUxObkY3ODVuUHlsbHFKLUMxMEU1RllKem1QYm9RcEl0OGhtLVlUME9IeVNtcWttRlUteXpTMU1Sdk5pZmVDRE1DLWhwRUJiV1lJalpPcWZqM2dJeHVRY0liOUdUMy1FVWdsNERYbVV4RzgwNUc1WFk1QUtMTDhvTy1LRk05cllfZVhUb2M2dno0d0VZTnZ6TFlVcE9sMk1rWnVZVFMtdmQ5UWZCclU5RnV0T0drRExTbkwtT1RqWFBMc9IBxgFBVV95cUxOLXRUdjRtWlpFRFh3NzV0NVR5Ym8yYjBQNlRuMDdLMEJSOXVLTHVyR05rYk1SUHE0bzlnUUFMLXR4SDQ5MU5wYlJ2T2lyTzhzVnRFWGlzVUZUSHJtVnFlUEV1T2pNUTZUN2wwMmRGYW14aGtMdnRocXI4cWdUVjk5UW05Y3NPb3ExNW5zaFNUVzkzRlh3dEpka3hONHV3TnUwZzNNRDVWUUczOHA0eUlZSlc5U3VfOU9WSW5XMDdMQzBXdzlyMnc?hl=en-IN&gl=IN&ceid=IN%3Aen,The Hindu,2025-02-01T18:50:00Z
,https://news.google.com/read/CBMiwgFBVV95cUxNelRpZC0zUHZkSnNyMEd6ZHIyNmdGY1NmNHZUc2QtTVVWOWhQMmF5NVNZeTk2dUF6SHg4SEozaGpqMHA2TTVzTnRJdnd0dFlJZVRmRDV1M3BLLTVhV3VYQkF5ZDA3ZkRmTnZVdWRIeGUtelJhbE9hRlBFOGdyRWpNeGpTTHIzek9oRE5jRUNYU3YyN2tBOEFBeS1JOTA2MnRUaEFSRF93N2hveWQtZEJUUFhlRnJrSkxOQURCWnZrdWd3QdIByAFBVV95cUxNdlE5SEdOSVdSRWdSaS16QllLTkNBQ01lOW5wQnZrbnhiQzBZYTd0UmM5ckZieGFaM09FanVISVRDR1RsMzRsc3dqbTNkNjk5YkhxakZzNi1zZXNwWXJJMXpJbXRfZ3lfRENjNHFPVUVNSEN5Rkw4WUZvWlk1OXBVTGhUMi1FR0RPOFRqMGNzWDRtbjN1anNwTzNDcG1Bc0FRV2g0cEhucWo3MC1zNjZPekxXZmIzcGJWclV0T1JjZWdjUFI0UnFBdQ?hl=en-IN&gl=IN&ceid=IN%3Aen,The Indian Express,2025-02-02T04:07:30Z
,https://news.google.com/read/CBMivwFBVV95cUxQUnJrZnBQYmprd0prYVRPWGZta1B3Nmt4dFNPUl9VcUF6REhUQk10cWJkTHpFeVk1TURPVzVqUVpMRWZrMzJFR01IR25PTHU2OEVTYjBUSnZMMlBybGd4TlB0WWtmX3E5WDNINDBEeDJVUWdRUWtLd0hsVFFMV0ZmX3d6RlNwd293dFR5b2lvT2U4LVB6dUJsNGVIeFo3SUQta1ZkRnhQX0FIOUdabE5zcDVZeFFaTjI1OWtHMmZTYw?hl=en-IN&gl=IN&ceid=IN%3Aen,NDTV,2025-02-02T01:39:00Z
,https://news.google.com/read/CBMiwAFBVV95cUxOandEZUlyZDgtUkhtMTAyOVJZekpfVG5PQzJpdTIzMFVSaVNNRDFvcnhoNS0wa29tQnNzWS1kMzRUZGRWUjBMSE5RTG05SERMdk4tc09sMkdDMFVKSzJtX0ZmS1N0R0FTYV9CcUJYMkp5X0pVbnRqS3NrMGZ4cEFxQTNuWnYzTWZ6YVpkQmVIbmNHNEdzb0NwaE1FYUI2elpFTWZTM3VjRWRhbnNVUk10dDJOMXRWc1h0NktNa2Noc3k?hl=en-IN&gl=IN&ceid=IN%3Aen,Al Jazeera English,2025-02-02T06:05:29Z
,https://news.google.com/read/CBMi_AFBVV95cUxPMTJURlVBeVB4VkFMMFhUREVKZGVUZlhZNlJlSENmdS13djRKWGxnSEhOclV1czlPd2hFXzZwRVpxVHZrYmFtVTRQMEJGdkNpM0RpcjZfQTRPQU80U19hM3lPZnZKd2JBR1dmdGRPc2JtZlJIYV9OT3hwc09seWVSNlRFUkxDbEdYeVBFQ1BtX3hwZi05V3FTNTdPVXBuaFF2eXIwc1hjU0FxMDNsMEdkOTR6ck5xRS1ocFdPSnd5Zm5YNjJnUXJFOFlzTlFnZ2NrZ1phb1F6ZkNodWNCVXpJUXUyanpzQjNMeDBvNWJ3MlZQekthOUdLTWsxSTQ?hl=en-IN&gl=IN&ceid=IN%3Aen,Hindustan Times,2025-02-02T05:23:53Z
,https://news.google.com/read/CBMi9AFBVV95cUxQTWF5cXpPRTc1V3lwUTRqbWcxMlRoMGZqUkhwdWFleGtuVEdQR0UzTG9kSndlLXZ3WEhPUmNfMVNLMTN3cENpd1JzVWZhYlVwcmVPeUtNb2ZDLVlfZWxQZ05vd1VFcU5MSkdkbVlhZ21hdUlmTHJXZWYxdGZUdU0yaXo5cG9pZFVZTzZyNEZqZFJIeER1QUVSbzc3Nk1hQWVqRjIyVURRb0lPdDM3RE5ZbkNROW1MOXZoVV9fN0xnTVR0R3Nwd1I1eElHcFhIcmNZd1ZrU0V4dmZEejdsRU1iVG1LVXBJb3ZyMmZzeTA0SmFNSDBF?hl=en-IN&gl=IN&ceid=IN%3Aen,The Times of India,2025-02-02T05:27:00Z
,https://news.google.com/read/CBMi8AFBVV95cUxNblpyaEYxazRyLUlWMWx3c0plcGtoRkdtblVoV1ZteWZCTjRvTjk4RE1Qa2txb01zS3pldXEwNlBNSTY1MEkweUpCOUVwcFl6WXdGeGMtaGhjNW8wZ2dpQTZjX0FubWtYTHU3QTdzQlM3cVlRY0xYT0h1cUYzRTlvRHNLWjdHOHllbTBtMU8tNFVTSkRLQzJkbzFFQkt5bjhOeVNJdk1INDVPNm1NclY1UUNLOVdtd21MUklzNEZUanAydWVjWTA0WkFyMDBESWU5YTgxQTdlamw0LW5ycEhmZGhYWmt2c3dCYU5LQkFXb1DSAfcBQVVfeXFMTnBqeER5ZmdJR2V3Qm1hc3Npb29xSC1oYlQ3QUtUU0dlbnp0WlRlVHBiaDFtVWtSXzV1R09CLVhPX0Y0ZllKUUcwX0ZVVXpxNnEteXo4blVRbG1kV1h5VWdnX1J6V1hGYW51R3Y1Z1REaHZNdGVwQXVwaWZKcU5FSUNNY09Rd04taDdoTDREdm5lMGdkY0EzbVBXNFp4YmpEQ1JPNzNPZlZsOUN3S01oSzVwVmNwSWc5b1Q1T0V5QlU4c0VQM3FrQ0VmbjBvcXJISGlHUjJFbUw5NFNtc0pabFppbktMVk0tY2FlY00yTi0wNzZtdkVMTQ?hl=en-IN&gl=IN&ceid=IN%3Aen,The Hindu,2025-02-01T16:14:00Z
